Workbook

Sheet README
B2: SEPA Transaction Reconciliation Dashboard
B3: Built by: Panagiotis Pelardis | Portfolio piece for fintech / payment ops applications
B6: WHAT THIS WORKBOOK DOES
B8: A working SEPA payment reconciliation model built on realistic mock data. It demonstrates
B9: the day-to-day workflow of a Payment Operations / Finance Operations analyst at an acquirer,
B10: PSP or fintech back-office: matching internal transaction records against bank settlement
B11: files, identifying discrepancies, and surfacing operational metrics through a live dashboard.
B13: STRUCTURE
B15: 1. Settings — configurable thresholds (match rate alert, settlement window)
B16: 2. Internal Transactions — 100 mock SEPA payments processed through our system
B17: 3. Bank Statement — bank-side entries with deliberate discrepancies and lag
B18: 4. Reconciliation — multi-step match logic with date-window and fuzzy matching
... B56: is fully dynamic — change the source data or settings, outputs recalculate automatically.

Sheet Settings
B2: Reconciliation Settings
B3: Configurable thresholds — change values in column C and the entire model recalculates
B5: PARAMETER | C5: VALUE | D5: DESCRIPTION
B6: Settlement window (days) | C6: 3 | D6: Maximum days the bank can lag behind internal date for transaction to still match
B7: Amount tolerance (EUR) | C7: 0.01 | D7: Maximum amount difference (EUR) before flagging a mismatch
B8: Match rate target | C8: 0.95 | D8: Target match rate — dashboard goes GREEN above this level
B9: Match rate warning | C9: 0.85 | D9: Warning threshold — dashboard goes AMBER below target, RED below this
B10: Fuzzy match enabled | C10: TRUE | D10: If TRUE, partial reference matches count as matched
B13: Note: Values shown in BLUE on yellow background are inputs you can change.
B14: All other cells in the workbook are formulas that reference these settings.

Sheet Internal Transactions
A1: Transaction ID | B1: Date | C1: Amount (EUR) | D1: Sender IBAN | E1: Receiver IBAN | F1: Country | G1: Status | H1: Reference
A2: SEPA-2025-1000 | B2: 45951.125 | C2: 67.4 | D2: IT60X0542811362950628 | E2: NL91ABNA339670711 | F2: IT | G2: Settled | H2: PostNL Pakket
A3: SEPA-2025-1001 | B3: 45952.958 | C3: 2230.99 | D3: DE89370400734036506 | E3: NL91ABNA553035110 | F3: DE | G3: Settled | H3: Bol.com Order
A4: SEPA-2025-1002 | B4: 45933.25 | C4: 585.49 | D4: GR16011012500128492780 | E4: NL91ABNA702632297 | F4: GR | G4: Settled | H4: ING Maandelijks
A5: SEPA-2025-1003 | B5: 45944.292 | C5: 1125.78 | D5: IT60X0542811969119330 | E5: NL91ABNA106977991 | F5: IT | G5: Settled | H5: Albert Heijn Bezorging
A6: SEPA-2025-1004 | B6: 45941.333 | C6: 392.92 | D6: BE68539007209747451 | E6: NL91ABNA199585092 | F6: BE | G6: Pending | H6: PostNL Pakket
A7: SEPA-2025-1005 | B7: 45942.458 | C7: 1511.3 | D7: NL91ABNA883543540 | E7: NL91ABNA593303705 | F7: NL | G7: Returned | H7: PostNL Pakket
A8: SEPA-2025-1006 | B8: 45960.5 | C8: 201.61 | D8: IT60X0542811990566476 | E8: NL91ABNA774996843 | F8: IT | G8: Settled | H8: Vodafone Mobile
A9: SEPA-2025-1007 | B9: 45937.917 | C9: 178.54 | D9: ES9121000418930075810 | E9: NL91ABNA410727955 | F9: ES | G9: Settled | H9: Vattenfall Energy
A10: SEPA-2025-1008 | B10: 45958.125 | C10: 953.41 | D10: PT50000201782560971 | E10: NL91ABNA995619255 | F10: PT | G10: Settled | H10: Booking.com Reservation
A11: SEPA-2025-1009 | B11: 45942.458 | C11: 527.72 | D11: IT60X0542811853573823 | E11: NL91ABNA833953718 | F11: IT | G11: Settled | H11: Eneco Energy
A12: SEPA-2025-1010 | B12: 45951.208 | C12: 1337.68 | D12: ES9121000418275452091 | E12: NL91ABNA596348124 | F12: ES | G12: Pending | H12: Lidl Online
A13: SEPA-2025-1011 | B13: 45960.833 | C13: 1721.96 | D13: ES9121000418835098955 | E13: NL91ABNA448195935 | F13: ES | G13: Settled | H13: Vattenfall Energy
... A101: SEPA-2025-1099 | B101: 45939.583 | C101: 613.44 | D101: PT50000201711871397 | E101: NL91ABNA755338677 | F101: PT | G101: Pending | H101: Action B.V.

Sheet Bank Statement
A1: Bank Reference ID | B1: Bank Date | C1: Bank Amount (EUR) | D1: IBAN | E1: Country | F1: Status | G1: Reference
A2: SEPA-2025-1061 | B2: 45953.792 | C2: 293.54 | D2: GR16011012500304095531 | E2: GR | F2: Settled | G2: Albert Heijn Bezorging
A3: SEPA-2025-1004 | B3: 45942.792 | C3: 392.92 | D3: BE68539007209747451 | E3: BE | F3: Pending | G3: PMT PostNL Pakket
A4: SEPA-2025-1029 | B4: 45948.458 | C4: 699.8 | D4: PT50000201330035022 | E4: PT | F4: Settled | G4: Vodafone
A5: SEPA-2025-1072 | B5: 45953.417 | C5: 18.83 | D5: DE89370400935822550 | E5: DE | F5: Settled | G5: BOOKING.COM RESERVATION
A6: SEPA-2025-1085 | B6: 45951.875 | C6: 72.62 | D6: AT611904300245706210 | E6: AT | F6: Settled | G6: AH Online
A7: SEPA-2025-1037 | B7: 45937.583 | C7: 745.29 | D7: NL91ABNA721890096 | E7: NL | F7: Returned | G7: AH Online
A8: SEPA-2025-1087 | B8: 45955.75 | C8: 634.42 | D8: DE89370400604988121 | E8: DE | F8: Returned | G8: AH Online - REF3063
A9: SEPA-2025-1028 | B9: 45934.917 | C9: 1579.6 | D9: ES9121000418172370545 | E9: ES | F9: Settled | G9: Coolblue B.V.
A10: SEPA-2025-1049 | B10: 45953 | C10: 2074.22 | D10: NL91ABNA103807155 | E10: NL | F10: Settled | G10: LIDL ONLINE
A11: SEPA-2025-1094 | B11: 45955.75 | C11: 2126.48 | D11: GR16011012500964929067 | E11: GR | F11: Settled | G11: MediaMarkt
A12: SEPA-2025-1034 | B12: 45957.708 | C12: 254.28 | D12: IE29AIBK931997677788 | E12: IE | F12: Settled | G12: Vattenfall Energy - REF6927
A13: SEPA-2025-1074 | B13: 45941.083 | C13: 1670.61 | D13: IE29AIBK931739362057 | E13: IE | F13: Failed | G13: Eneco Energy
... A98: SEPA-2025-1056 | B98: 45938 | C98: 274.7 | D98: NL91ABNA605399561 | E98: NL | F98: Settled | G98: Coolblue Returns - REF7751

Sheet Reconciliation
A1: Transaction ID | B1: Internal Date | C1: Bank Date | D1: Date Lag (days) | E1: Internal Amount | F1: Bank Amount | G1: Amount Diff | H1: Internal Reference | I1: Bank Reference | J1: Fuzzy Ref Match? | K1: Within Settlement Window? | L1: Match Result
A2: ='Internal Transactions'!A2 -> SEPA-2025-1000 | B2: ='Internal Transactions'!B2 -> 45951.125 | C2: =IFERROR(VLOOKUP(A2,'Bank Statement'!A:B,2,FALSE()),"") | D2: =IF(C2="","",INT(C2-B2)) | E2: ='Internal Transactions'!C2 -> 67.4 | F2: =IFERROR(VLOOKUP(A2,'Bank Statement'!A:C,3,FALSE()),"") | G2: =IF(F2="","",ABS(F2-E2)) | H2: ='Internal Transactions'!H2 -> PostNL Pakket | I2: =IFERROR(VLOOKUP(A2,'Bank Statement'!A:G,7,FALSE()),"") | J2: =IF(I2="","N/A",IF(Settings!$C$10="FALSE",IF(EXACT(UPPER(H2),UPPER(I2)),"Exact","No"),IF(EXACT(UPPER(H2),UPPER(I2)),"Exact",IF(ISNUMBER(SEARCH(LEFT(H2,FIND(" ",H2&" ")-1),I2)),"Fuzzy",IF(ISNUMBER(SEARCH(SUBSTITUTE(H2," ",""),SUBSTITUTE(I2," ",""))),"Fuzzy","No"))))) -> N/A | K2: =IF(D2="","N/A",IF(AND(D2>=0,D2<=Settings!$C$6),"Yes","OUT OF WINDOW")) -> N/A | L2: =IF(F2="","❌ Missing in Bank",IF(G2>Settings!$C$7,"⚠ Amount Mismatch",IF(K2="OUT OF WINDOW","⏰ Late Settlement",IF(J2="No","⚠ Reference Mismatch","✅ Matched")))) -> ❌ Missing in Bank
A3: ='Internal Transactions'!A3 -> SEPA-2025-1001 | B3: ='Internal Transactions'!B3 -> 45952.958 | C3: =IFERROR(VLOOKUP(A3,'Bank Statement'!A:B,2,FALSE()),"") -> 45954.458 | D3: =IF(C3="","",INT(C3-B3)) -> 1 | E3: ='Internal Transactions'!C3 -> 2230.99 | F3: =IFERROR(VLOOKUP(A3,'Bank Statement'!A:C,3,FALSE()),"") -> 2230.99 | G3: =IF(F3="","",ABS(F3-E3)) -> 0 | H3: ='Internal Transactions'!H3 -> Bol.com Order | I3: =IFERROR(VLOOKUP(A3,'Bank Statement'!A:G,7,FALSE()),"") -> Bol.com Order - REF5581 | J3: =IF(I3="","N/A",IF(Settings!$C$10="FALSE",IF(EXACT(UPPER(H3),UPPER(I3)),"Exact","No"),IF(EXACT(UPPER(H3),UPPER(I3)),"Exact",IF(ISNUMBER(SEARCH(LEFT(H3,FIND(" ",H3&" ")-1),I3)),"Fuzzy",IF(ISNUMBER(SEARCH(SUBSTITUTE(H3," ",""),SUBSTITUTE(I3," ",""))),"Fuzzy","No"))))) -> Fuzzy | K3: =IF(D3="","N/A",IF(AND(D3>=0,D3<=Settings!$C$6),"Yes","OUT OF WINDOW")) -> Yes | L3: =IF(F3="","❌ Missing in Bank",IF(G3>Settings!$C$7,"⚠ Amount Mismatch",IF(K3="OUT OF WINDOW","⏰ Late Settlement",IF(J3="No","⚠ Reference Mismatch","✅ Matched")))) -> ✅ Matched
A4: ='Internal Transactions'!A4 -> SEPA-2025-1002 | B4: ='Internal Transactions'!B4 -> 45933.25 | C4: =IFERROR(VLOOKUP(A4,'Bank Statement'!A:B,2,FALSE()),"") -> 45933.375 | D4: =IF(C4="","",INT(C4-B4)) -> 0 | E4: ='Internal Transactions'!C4 -> 585.49 | F4: =IFERROR(VLOOKUP(A4,'Bank Statement'!A:C,3,FALSE()),"") -> 585.49 | G4: =IF(F4="","",ABS(F4-E4)) -> 0 | H4: ='Internal Transactions'!H4 -> ING Maandelijks | I4: =IFERROR(VLOOKUP(A4,'Bank Statement'!A:G,7,FALSE()),"") -> PMT ING Maandelijks | J4: =IF(I4="","N/A",IF(Settings!$C$10="FALSE",IF(EXACT(UPPER(H4),UPPER(I4)),"Exact","No"),IF(EXACT(UPPER(H4),UPPER(I4)),"Exact",IF(ISNUMBER(SEARCH(LEFT(H4,FIND(" ",H4&" ")-1),I4)),"Fuzzy",IF(ISNUMBER(SEARCH(SUBSTITUTE(H4," ",""),SUBSTITUTE(I4," ",""))),"Fuzzy","No"))))) -> Fuzzy | K4: =IF(D4="","N/A",IF(AND(D4>=0,D4<=Settings!$C$6),"Yes","OUT OF WINDOW")) -> Yes | L4: =IF(F4="","❌ Missing in Bank",IF(G4>Settings!$C$7,"⚠ Amount Mismatch",IF(K4="OUT OF WINDOW","⏰ Late Settlement",IF(J4="No","⚠ Reference Mismatch","✅ Matched")))) -> ✅ Matched
A5: ='Internal Transactions'!A5 -> SEPA-2025-1003 | B5: ='Internal Transactions'!B5 -> 45944.292 | C5: =IFERROR(VLOOKUP(A5,'Bank Statement'!A:B,2,FALSE()),"") -> 45945.75 | D5: =IF(C5="","",INT(C5-B5)) -> 1 | E5: ='Internal Transactions'!C5 -> 1125.78 | F5: =IFERROR(VLOOKUP(A5,'Bank Statement'!A:C,3,FALSE()),"") -> 1125.78 | G5: =IF(F5="","",ABS(F5-E5)) -> 0 | H5: ='Internal Transactions'!H5 -> Albert Heijn Bezorging | I5: =IFERROR(VLOOKUP(A5,'Bank Statement'!A:G,7,FALSE()),"") -> Albert Heijn Bezorging | J5: =IF(I5="","N/A",IF(Settings!$C$10="FALSE",IF(EXACT(UPPER(H5),UPPER(I5)),"Exact","No"),IF(EXACT(UPPER(H5),UPPER(I5)),"Exact",IF(ISNUMBER(SEARCH(LEFT(H5,FIND(" ",H5&" ")-1),I5)),"Fuzzy",IF(ISNUMBER(SEARCH(SUBSTITUTE(H5," ",""),SUBSTITUTE(I5," ",""))),"Fuzzy","No"))))) -> Exact | K5: =IF(D5="","N/A",IF(AND(D5>=0,D5<=Settings!$C$6),"Yes","OUT OF WINDOW")) -> Yes | L5: =IF(F5="","❌ Missing in Bank",IF(G5>Settings!$C$7,"⚠ Amount Mismatch",IF(K5="OUT OF WINDOW","⏰ Late Settlement",IF(J5="No","⚠ Reference Mismatch","✅ Matched")))) -> ✅ Matched
A6: ='Internal Transactions'!A6 -> SEPA-2025-1004 | B6: ='Internal Transactions'!B6 -> 45941.333 | C6: =IFERROR(VLOOKUP(A6,'Bank Statement'!A:B,2,FALSE()),"") -> 45942.792 | D6: =IF(C6="","",INT(C6-B6)) -> 1 | E6: ='Internal Transactions'!C6 -> 392.92 | F6: =IFERROR(VLOOKUP(A6,'Bank Statement'!A:C,3,FALSE()),"") -> 392.92 | G6: =IF(F6="","",ABS(F6-E6)) -> 0 | H6: ='Internal Transactions'!H6 -> PostNL Pakket | I6: =IFERROR(VLOOKUP(A6,'Bank Statement'!A:G,7,FALSE()),"") -> PMT PostNL Pakket | J6: =IF(I6="","N/A",IF(Settings!$C$10="FALSE",IF(EXACT(UPPER(H6),UPPER(I6)),"Exact","No"),IF(EXACT(UPPER(H6),UPPER(I6)),"Exact",IF(ISNUMBER(SEARCH(LEFT(H6,FIND(" ",H6&" ")-1),I6)),"Fuzzy",IF(ISNUMBER(SEARCH(SUBSTITUTE(H6," ",""),SUBSTITUTE(I6," ",""))),"Fuzzy","No"))))) -> Fuzzy | K6: =IF(D6="","N/A",IF(AND(D6>=0,D6<=Settings!$C$6),"Yes","OUT OF WINDOW")) -> Yes | L6: =IF(F6="","❌ Missing in Bank",IF(G6>Settings!$C$7,"⚠ Amount Mismatch",IF(K6="OUT OF WINDOW","⏰ Late Settlement",IF(J6="No","⚠ Reference Mismatch","✅ Matched")))) -> ✅ Matched
A7: ='Internal Transactions'!A7 -> SEPA-2025-1005 | B7: ='Internal Transactions'!B7 -> 45942.458 | C7: =IFERROR(VLOOKUP(A7,'Bank Statement'!A:B,2,FALSE()),"") -> 45947.792 | D7: =IF(C7="","",INT(C7-B7)) -> 5 | E7: ='Internal Transactions'!C7 -> 1511.3 | F7: =IFERROR(VLOOKUP(A7,'Bank Statement'!A:C,3,FALSE()),"") -> 1511.3 | G7: =IF(F7="","",ABS(F7-E7)) -> 0 | H7: ='Internal Transactions'!H7 -> PostNL Pakket | I7: =IFERROR(VLOOKUP(A7,'Bank Statement'!A:G,7,FALSE()),"") -> PostNL Pakket | J7: =IF(I7="","N/A",IF(Settings!$C$10="FALSE",IF(EXACT(UPPER(H7),UPPER(I7)),"Exact","No"),IF(EXACT(UPPER(H7),UPPER(I7)),"Exact",IF(ISNUMBER(SEARCH(LEFT(H7,FIND(" ",H7&" ")-1),I7)),"Fuzzy",IF(ISNUMBER(SEARCH(SUBSTITUTE(H7," ",""),SUBSTITUTE(I7," ",""))),"Fuzzy","No"))))) -> Exact | K7: =IF(D7="","N/A",IF(AND(D7>=0,D7<=Settings!$C$6),"Yes","OUT OF WINDOW")) -> OUT OF WINDOW | L7: =IF(F7="","❌ Missing in Bank",IF(G7>Settings!$C$7,"⚠ Amount Mismatch",IF(K7="OUT OF WINDOW","⏰ Late Settlement",IF(J7="No","⚠ Reference Mismatch","✅ Matched")))) -> ⏰ Late Settlement
A8: ='Internal Transactions'!A8 -> SEPA-2025-1006 | B8: ='Internal Transactions'!B8 -> 45960.5 | C8: =IFERROR(VLOOKUP(A8,'Bank Statement'!A:B,2,FALSE()),"") -> 45961.542 | D8: =IF(C8="","",INT(C8-B8)) -> 1 | E8: ='Internal Transactions'!C8 -> 201.61 | F8: =IFERROR(VLOOKUP(A8,'Bank Statement'!A:C,3,FALSE()),"") -> 201.61 | G8: =IF(F8="","",ABS(F8-E8)) -> 0 | H8: ='Internal Transactions'!H8 -> Vodafone Mobile | I8: =IFERROR(VLOOKUP(A8,'Bank Statement'!A:G,7,FALSE()),"") -> Vodafone Mobile | J8: =IF(I8="","N/A",IF(Settings!$C$10="FALSE",IF(EXACT(UPPER(H8),UPPER(I8)),"Exact","No"),IF(EXACT(UPPER(H8),UPPER(I8)),"Exact",IF(ISNUMBER(SEARCH(LEFT(H8,FIND(" ",H8&" ")-1),I8)),"Fuzzy",IF(ISNUMBER(SEARCH(SUBSTITUTE(H8," ",""),SUBSTITUTE(I8," ",""))),"Fuzzy","No"))))) -> Exact | K8: =IF(D8="","N/A",IF(AND(D8>=0,D8<=Settings!$C$6),"Yes","OUT OF WINDOW")) -> Yes | L8: =IF(F8="","❌ Missing in Bank",IF(G8>Settings!$C$7,"⚠ Amount Mismatch",IF(K8="OUT OF WINDOW","⏰ Late Settlement",IF(J8="No","⚠ Reference Mismatch","✅ Matched")))) -> ✅ Matched
A9: ='Internal Transactions'!A9 -> SEPA-2025-1007 | B9: ='Internal Transactions'!B9 -> 45937.917 | C9: =IFERROR(VLOOKUP(A9,'Bank Statement'!A:B,2,FALSE()),"") -> 45943.375 | D9: =IF(C9="","",INT(C9-B9)) -> 5 | E9: ='Internal Transactions'!C9 -> 178.54 | F9: =IFERROR(VLOOKUP(A9,'Bank Statement'!A:C,3,FALSE()),"") -> 178.54 | G9: =IF(F9="","",ABS(F9-E9)) -> 0 | H9: ='Internal Transactions'!H9 -> Vattenfall Energy | I9: =IFERROR(VLOOKUP(A9,'Bank Statement'!A:G,7,FALSE()),"") -> Vattenfall | J9: =IF(I9="","N/A",IF(Settings!$C$10="FALSE",IF(EXACT(UPPER(H9),UPPER(I9)),"Exact","No"),IF(EXACT(UPPER(H9),UPPER(I9)),"Exact",IF(ISNUMBER(SEARCH(LEFT(H9,FIND(" ",H9&" ")-1),I9)),"Fuzzy",IF(ISNUMBER(SEARCH(SUBSTITUTE(H9," ",""),SUBSTITUTE(I9," ",""))),"Fuzzy","No"))))) -> Fuzzy | K9: =IF(D9="","N/A",IF(AND(D9>=0,D9<=Settings!$C$6),"Yes","OUT OF WINDOW")) -> OUT OF WINDOW | L9: =IF(F9="","❌ Missing in Bank",IF(G9>Settings!$C$7,"⚠ Amount Mismatch",IF(K9="OUT OF WINDOW","⏰ Late Settlement",IF(J9="No","⚠ Reference Mismatch","✅ Matched")))) -> ⏰ Late Settlement
A10: ='Internal Transactions'!A10 -> SEPA-2025-1008 | B10: ='Internal Transactions'!B10 -> 45958.125 | C10: =IFERROR(VLOOKUP(A10,'Bank Statement'!A:B,2,FALSE()),"") -> 45963.458 | D10: =IF(C10="","",INT(C10-B10)) -> 5 | E10: ='Internal Transactions'!C10 -> 953.41 | F10: =IFERROR(VLOOKUP(A10,'Bank Statement'!A:C,3,FALSE()),"") -> 953.41 | G10: =IF(F10="","",ABS(F10-E10)) -> 0 | H10: ='Internal Transactions'!H10 -> Booking.com Reservation | I10: =IFERROR(VLOOKUP(A10,'Bank Statement'!A:G,7,FALSE()),"") -> Booking.com Reservation | J10: =IF(I10="","N/A",IF(Settings!$C$10="FALSE",IF(EXACT(UPPER(H10),UPPER(I10)),"Exact","No"),IF(EXACT(UPPER(H10),UPPER(I10)),"Exact",IF(ISNUMBER(SEARCH(LEFT(H10,FIND(" ",H10&" ")-1),I10)),"Fuzzy",IF(ISNUMBER(SEARCH(SUBSTITUTE(H10," ",""),SUBSTITUTE(I10," ",""))),"Fuzzy","No"))))) -> Exact | K10: =IF(D10="","N/A",IF(AND(D10>=0,D10<=Settings!$C$6),"Yes","OUT OF WINDOW")) -> OUT OF WINDOW | L10: =IF(F10="","❌ Missing in Bank",IF(G10>Settings!$C$7,"⚠ Amount Mismatch",IF(K10="OUT OF WINDOW","⏰ Late Settlement",IF(J10="No","⚠ Reference Mismatch","✅ Matched")))) -> ⏰ Late Settlement
A11: ='Internal Transactions'!A11 -> SEPA-2025-1009 | B11: ='Internal Transactions'!B11 -> 45942.458 | C11: =IFERROR(VLOOKUP(A11,'Bank Statement'!A:B,2,FALSE()),"") -> 45943.667 | D11: =IF(C11="","",INT(C11-B11)) -> 1 | E11: ='Internal Transactions'!C11 -> 527.72 | F11: =IFERROR(VLOOKUP(A11,'Bank Statement'!A:C,3,FALSE()),"") -> 527.72 | G11: =IF(F11="","",ABS(F11-E11)) -> 0 | H11: ='Internal Transactions'!H11 -> Eneco Energy | I11: =IFERROR(VLOOKUP(A11,'Bank Statement'!A:G,7,FALSE()),"") -> Eneco | J11: =IF(I11="","N/A",IF(Settings!$C$10="FALSE",IF(EXACT(UPPER(H11),UPPER(I11)),"Exact","No"),IF(EXACT(UPPER(H11),UPPER(I11)),"Exact",IF(ISNUMBER(SEARCH(LEFT(H11,FIND(" ",H11&" ")-1),I11)),"Fuzzy",IF(ISNUMBER(SEARCH(SUBSTITUTE(H11," ",""),SUBSTITUTE(I11," ",""))),"Fuzzy","No"))))) -> Fuzzy | K11: =IF(D11="","N/A",IF(AND(D11>=0,D11<=Settings!$C$6),"Yes","OUT OF WINDOW")) -> Yes | L11: =IF(F11="","❌ Missing in Bank",IF(G11>Settings!$C$7,"⚠ Amount Mismatch",IF(K11="OUT OF WINDOW","⏰ Late Settlement",IF(J11="No","⚠ Reference Mismatch","✅ Matched")))) -> ✅ Matched
A12: ='Internal Transactions'!A12 -> SEPA-2025-1010 | B12: ='Internal Transactions'!B12 -> 45951.208 | C12: =IFERROR(VLOOKUP(A12,'Bank Statement'!A:B,2,FALSE()),"") -> 45956.542 | D12: =IF(C12="","",INT(C12-B12)) -> 5 | E12: ='Internal Transactions'!C12 -> 1337.68 | F12: =IFERROR(VLOOKUP(A12,'Bank Statement'!A:C,3,FALSE()),"") -> 1337.68 | G12: =IF(F12="","",ABS(F12-E12)) -> 0 | H12: ='Internal Transactions'!H12 -> Lidl Online | I12: =IFERROR(VLOOKUP(A12,'Bank Statement'!A:G,7,FALSE()),"") -> Lidl | J12: =IF(I12="","N/A",IF(Settings!$C$10="FALSE",IF(EXACT(UPPER(H12),UPPER(I12)),"Exact","No"),IF(EXACT(UPPER(H12),UPPER(I12)),"Exact",IF(ISNUMBER(SEARCH(LEFT(H12,FIND(" ",H12&" ")-1),I12)),"Fuzzy",IF(ISNUMBER(SEARCH(SUBSTITUTE(H12," ",""),SUBSTITUTE(I12," ",""))),"Fuzzy","No"))))) -> Fuzzy | K12: =IF(D12="","N/A",IF(AND(D12>=0,D12<=Settings!$C$6),"Yes","OUT OF WINDOW")) -> OUT OF WINDOW | L12: =IF(F12="","❌ Missing in Bank",IF(G12>Settings!$C$7,"⚠ Amount Mismatch",IF(K12="OUT OF WINDOW","⏰ Late Settlement",IF(J12="No","⚠ Reference Mismatch","✅ Matched")))) -> ⏰ Late Settlement
A13: ='Internal Transactions'!A13 -> SEPA-2025-1011 | B13: ='Internal Transactions'!B13 -> 45960.833 | C13: =IFERROR(VLOOKUP(A13,'Bank Statement'!A:B,2,FALSE()),"") -> 45964.208 | D13: =IF(C13="","",INT(C13-B13)) -> 3 | E13: ='Internal Transactions'!C13 -> 1721.96 | F13: =IFERROR(VLOOKUP(A13,'Bank Statement'!A:C,3,FALSE()),"") -> 1721.96 | G13: =IF(F13="","",ABS(F13-E13)) -> 0 | H13: ='Internal Transactions'!H13 -> Vattenfall Energy | I13: =IFERROR(VLOOKUP(A13,'Bank Statement'!A:G,7,FALSE()),"") -> PMT Vattenfall Energy | J13: =IF(I13="","N/A",IF(Settings!$C$10="FALSE",IF(EXACT(UPPER(H13),UPPER(I13)),"Exact","No"),IF(EXACT(UPPER(H13),UPPER(I13)),"Exact",IF(ISNUMBER(SEARCH(LEFT(H13,FIND(" ",H13&" ")-1),I13)),"Fuzzy",IF(ISNUMBER(SEARCH(SUBSTITUTE(H13," ",""),SUBSTITUTE(I13," ",""))),"Fuzzy","No"))))) -> Fuzzy | K13: =IF(D13="","N/A",IF(AND(D13>=0,D13<=Settings!$C$6),"Yes","OUT OF WINDOW")) -> Yes | L13: =IF(F13="","❌ Missing in Bank",IF(G13>Settings!$C$7,"⚠ Amount Mismatch",IF(K13="OUT OF WINDOW","⏰ Late Settlement",IF(J13="No","⚠ Reference Mismatch","✅ Matched")))) -> ✅ Matched
... A101: ='Internal Transactions'!A101 -> SEPA-2025-1099 | B101: ='Internal Transactions'!B101 -> 45939.583 | C101: =IFERROR(VLOOKUP(A101,'Bank Statement'!A:B,2,FALSE()),"") -> 45942 | D101: =IF(C101="","",INT(C101-B101)) -> 2 | E101: ='Internal Transactions'!C101 -> 613.44 | F101: =IFERROR(VLOOKUP(A101,'Bank Statement'!A:C,3,FALSE()),"") -> 613.44 | G101: =IF(F101="","",ABS(F101-E101)) -> 0 | H101: ='Internal Transactions'!H101 -> Action B.V. | I101: =IFERROR(VLOOKUP(A101,'Bank Statement'!A:G,7,FALSE()),"") -> Action B.V. | J101: =IF(I101="","N/A",IF(Settings!$C$10="FALSE",IF(EXACT(UPPER(H101),UPPER(I101)),"Exact","No"),IF(EXACT(UPPER(H101),UPPER(I101)),"Exact",IF(ISNUMBER(SEARCH(LEFT(H101,FIND(" ",H101&" ")-1),I101)),"Fuzzy",IF(ISNUMBER(SEARCH(SUBSTITUTE(H101," ",""),SUBSTITUTE(I101," ",""))),"Fuzzy","No"))))) -> Exact | K101: =IF(D101="","N/A",IF(AND(D101>=0,D101<=Settings!$C$6),"Yes","OUT OF WINDOW")) -> Yes | L101: =IF(F101="","❌ Missing in Bank",IF(G101>Settings!$C$7,"⚠ Amount Mismatch",IF(K101="OUT OF WINDOW","⏰ Late Settlement",IF(J101="No","⚠ Reference Mismatch","✅ Matched")))) -> ✅ Matched
A102: SEPA-2025-9000 | B102: N/A | C102: 45955 | D102: N/A | E102: N/A | F102: 280.15 | G102: N/A | H102: N/A | I102: UNRECOGNIZED VENDOR | J102: N/A | K102: N/A | L102: 🚨 Phantom (in bank, not internal)
A103: SEPA-2025-9001 | B103: N/A | C103: 45958 | D103: N/A | E103: N/A | F103: 115.36 | G103: N/A | H103: N/A | I103: UNRECOGNIZED VENDOR | J103: N/A | K103: N/A | L103: 🚨 Phantom (in bank, not internal)
A104: SEPA-2025-9002 | B104: N/A | C104: 45945 | D104: N/A | E104: N/A | F104: 445.16 | G104: N/A | H104: N/A | I104: UNRECOGNIZED VENDOR | J104: N/A | K104: N/A | L104: 🚨 Phantom (in bank, not internal)

Sheet Dashboard
B2: SEPA Reconciliation Dashboard
B3: Live operational metrics — recalculates from source data and Settings
B5: RECONCILIATION HEALTH ALERT
B6: =IF(H11>=Settings!$C$8,"✅ HEALTHY — match rate "&TEXT(H11,"0.0%")&" is at or above target of "&TEXT(Settings!$C$8,"0.0%"),IF(H11>=Settings!$C$9,"⚠ WARNING — match rate "&TEXT(H11,"0.0%")&" is below target of "&TEXT(Settings!$C$8,"0.0%")&". Investigate exceptions.","🚨 CRITICAL — match rate "&TEXT(H11,"0.0%")&" is below warning threshold of "&TEXT(Settings!$C$9,"0.0%")&". Immediate action required.")) -> 🚨 CRITICAL — match rate 80.0% is below warning threshold of 85.0%. Immediate action required.
B9: KEY OPERATIONAL METRICS
B10: Total Transactions | E10: Total Volume Processed | H10: Match Rate
B11: =COUNTA('Internal Transactions'!A2:A101) -> 100 | E11: =SUM('Internal Transactions'!C2:C101) -> 111122.46 | H11: =COUNTIF(Reconciliation!L2:L101,"✅ Matched")/COUNTA('Internal Transactions'!A2:A101) -> 0.8
B13: ✅ Fully Matched | E13: ❌ Missing in Bank | H13: 🚨 Phantom Bank Entries
B14: =COUNTIF(Reconciliation!L2:L101,"✅ Matched") -> 80 | E14: =COUNTIF(Reconciliation!L2:L101,"❌ Missing in Bank") -> 6 | H14: =COUNTIF(Reconciliation!L102:L104,"🚨 Phantom (in bank, not internal)") -> 3
B16: ⚠ Amount Mismatch | E16: ⏰ Late Settlement | H16: ⚠ Reference Mismatch
B17: =COUNTIF(Reconciliation!L2:L101,"⚠ Amount Mismatch") -> 2 | E17: =COUNTIF(Reconciliation!L2:L101,"⏰ Late Settlement") -> 12 | H17: =COUNTIF(Reconciliation!L2:L101,"⚠ Reference Mismatch") -> 0
B20: SETTLEMENT LAG DISTRIBUTION | H20: STATUS BREAKDOWN
B22: Lag (days) | C22: Count | D22: % of Matched | H22: Status | I22: Count
B23: Same day (T+0) | C23: =COUNTIFS(Reconciliation!D2:D101,">="&0,Reconciliation!D2:D101,"<="&0) -> 5 | D23: =IFERROR(C23/SUM($C$23:$C$27),0) -> 0.053191489 | H23: Settled | I23: =COUNTIF('Internal Transactions'!G2:G101,"Settled") -> 70
B24: T+1 day | C24: =COUNTIFS(Reconciliation!D2:D101,">="&1,Reconciliation!D2:D101,"<="&1) -> 43 | D24: =IFERROR(C24/SUM($C$23:$C$27),0) -> 0.45744681 | H24: Pending | I24: =COUNTIF('Internal Transactions'!G2:G101,"Pending") -> 10
B25: T+2 days | C25: =COUNTIFS(Reconciliation!D2:D101,">="&2,Reconciliation!D2:D101,"<="&2) -> 23 | D25: =IFERROR(C25/SUM($C$23:$C$27),0) -> 0.24468085 | H25: Failed | I25: =COUNTIF('Internal Transactions'!G2:G101,"Failed") -> 6
B26: T+3 days | C26: =COUNTIFS(Reconciliation!D2:D101,">="&3,Reconciliation!D2:D101,"<="&3) -> 11 | D26: =IFERROR(C26/SUM($C$23:$C$27),0) -> 0.11702128 | H26: Returned | I26: =COUNTIF('Internal Transactions'!G2:G101,"Returned") -> 14
B27: Beyond window (T+4 or more) | C27: =COUNTIFS(Reconciliation!D2:D101,">="&4) -> 12 | D27: =IFERROR(C27/SUM($C$23:$C$27),0) -> 0.12765957

Sheet Exception Queue
A1: Manual Review Queue — Transactions needing investigation
A2: Filtered list of all transactions that did NOT cleanly match. Sorted by severity.
A4: Severity | B4: Transaction ID | C4: Issue | D4: Internal Amount | E4: Bank Amount | F4: Amount Diff | G4: Date Lag | H4: Reference Issue
A5: =IF(Reconciliation!L2="✅ Matched","",IF(ISNUMBER(SEARCH("Missing",Reconciliation!L2)),"🔴 HIGH",IF(ISNUMBER(SEARCH("Phantom",Reconciliation!L2)),"🔴 HIGH",IF(ISNUMBER(SEARCH("Amount",Reconciliation!L2)),"🟡 MED",IF(ISNUMBER(SEARCH("Reference",Reconciliation!L2)),"🟡 MED",IF(ISNUMBER(SEARCH("Late",Reconciliation!L2)),"🔵 LOW","")))))) -> 🔴 HIGH | B5: =IF(Reconciliation!L2="✅ Matched","",Reconciliation!A2) -> SEPA-2025-1000 | C5: =IF(Reconciliation!L2="✅ Matched","",Reconciliation!L2) -> ❌ Missing in Bank | D5: =IF(Reconciliation!L2="✅ Matched","",Reconciliation!E2) -> 67.4 | E5: =IF(Reconciliation!L2="✅ Matched","",Reconciliation!F2) | F5: =IF(Reconciliation!L2="✅ Matched","",Reconciliation!G2) | G5: =IF(Reconciliation!L2="✅ Matched","",Reconciliation!D2) | H5: =IF(Reconciliation!L2="✅ Matched","",IF(Reconciliation!J2="No",Reconciliation!I2,""))
A6: =IF(Reconciliation!L3="✅ Matched","",IF(ISNUMBER(SEARCH("Missing",Reconciliation!L3)),"🔴 HIGH",IF(ISNUMBER(SEARCH("Phantom",Reconciliation!L3)),"🔴 HIGH",IF(ISNUMBER(SEARCH("Amount",Reconciliation!L3)),"🟡 MED",IF(ISNUMBER(SEARCH("Reference",Reconciliation!L3)),"🟡 MED",IF(ISNUMBER(SEARCH("Late",Reconciliation!L3)),"🔵 LOW","")))))) | B6: =IF(Reconciliation!L3="✅ Matched","",Reconciliation!A3) | C6: =IF(Reconciliation!L3="✅ Matched","",Reconciliation!L3) | D6: =IF(Reconciliation!L3="✅ Matched","",Reconciliation!E3) | E6: =IF(Reconciliation!L3="✅ Matched","",Reconciliation!F3) | F6: =IF(Reconciliation!L3="✅ Matched","",Reconciliation!G3) | G6: =IF(Reconciliation!L3="✅ Matched","",Reconciliation!D3) | H6: =IF(Reconciliation!L3="✅ Matched","",IF(Reconciliation!J3="No",Reconciliation!I3,""))
A7: =IF(Reconciliation!L4="✅ Matched","",IF(ISNUMBER(SEARCH("Missing",Reconciliation!L4)),"🔴 HIGH",IF(ISNUMBER(SEARCH("Phantom",Reconciliation!L4)),"🔴 HIGH",IF(ISNUMBER(SEARCH("Amount",Reconciliation!L4)),"🟡 MED",IF(ISNUMBER(SEARCH("Reference",Reconciliation!L4)),"🟡 MED",IF(ISNUMBER(SEARCH("Late",Reconciliation!L4)),"🔵 LOW","")))))) | B7: =IF(Reconciliation!L4="✅ Matched","",Reconciliation!A4) | C7: =IF(Reconciliation!L4="✅ Matched","",Reconciliation!L4) | D7: =IF(Reconciliation!L4="✅ Matched","",Reconciliation!E4) | E7: =IF(Reconciliation!L4="✅ Matched","",Reconciliation!F4) | F7: =IF(Reconciliation!L4="✅ Matched","",Reconciliation!G4) | G7: =IF(Reconciliation!L4="✅ Matched","",Reconciliation!D4) | H7: =IF(Reconciliation!L4="✅ Matched","",IF(Reconciliation!J4="No",Reconciliation!I4,""))
A8: =IF(Reconciliation!L5="✅ Matched","",IF(ISNUMBER(SEARCH("Missing",Reconciliation!L5)),"🔴 HIGH",IF(ISNUMBER(SEARCH("Phantom",Reconciliation!L5)),"🔴 HIGH",IF(ISNUMBER(SEARCH("Amount",Reconciliation!L5)),"🟡 MED",IF(ISNUMBER(SEARCH("Reference",Reconciliation!L5)),"🟡 MED",IF(ISNUMBER(SEARCH("Late",Reconciliation!L5)),"🔵 LOW","")))))) | B8: =IF(Reconciliation!L5="✅ Matched","",Reconciliation!A5) | C8: =IF(Reconciliation!L5="✅ Matched","",Reconciliation!L5) | D8: =IF(Reconciliation!L5="✅ Matched","",Reconciliation!E5) | E8: =IF(Reconciliation!L5="✅ Matched","",Reconciliation!F5) | F8: =IF(Reconciliation!L5="✅ Matched","",Reconciliation!G5) | G8: =IF(Reconciliation!L5="✅ Matched","",Reconciliation!D5) | H8: =IF(Reconciliation!L5="✅ Matched","",IF(Reconciliation!J5="No",Reconciliation!I5,""))
A9: =IF(Reconciliation!L6="✅ Matched","",IF(ISNUMBER(SEARCH("Missing",Reconciliation!L6)),"🔴 HIGH",IF(ISNUMBER(SEARCH("Phantom",Reconciliation!L6)),"🔴 HIGH",IF(ISNUMBER(SEARCH("Amount",Reconciliation!L6)),"🟡 MED",IF(ISNUMBER(SEARCH("Reference",Reconciliation!L6)),"🟡 MED",IF(ISNUMBER(SEARCH("Late",Reconciliation!L6)),"🔵 LOW","")))))) | B9: =IF(Reconciliation!L6="✅ Matched","",Reconciliation!A6) | C9: =IF(Reconciliation!L6="✅ Matched","",Reconciliation!L6) | D9: =IF(Reconciliation!L6="✅ Matched","",Reconciliation!E6) | E9: =IF(Reconciliation!L6="✅ Matched","",Reconciliation!F6) | F9: =IF(Reconciliation!L6="✅ Matched","",Reconciliation!G6) | G9: =IF(Reconciliation!L6="✅ Matched","",Reconciliation!D6) | H9: =IF(Reconciliation!L6="✅ Matched","",IF(Reconciliation!J6="No",Reconciliation!I6,""))
A10: =IF(Reconciliation!L7="✅ Matched","",IF(ISNUMBER(SEARCH("Missing",Reconciliation!L7)),"🔴 HIGH",IF(ISNUMBER(SEARCH("Phantom",Reconciliation!L7)),"🔴 HIGH",IF(ISNUMBER(SEARCH("Amount",Reconciliation!L7)),"🟡 MED",IF(ISNUMBER(SEARCH("Reference",Reconciliation!L7)),"🟡 MED",IF(ISNUMBER(SEARCH("Late",Reconciliation!L7)),"🔵 LOW","")))))) -> 🔵 LOW | B10: =IF(Reconciliation!L7="✅ Matched","",Reconciliation!A7) -> SEPA-2025-1005 | C10: =IF(Reconciliation!L7="✅ Matched","",Reconciliation!L7) -> ⏰ Late Settlement | D10: =IF(Reconciliation!L7="✅ Matched","",Reconciliation!E7) -> 1511.3 | E10: =IF(Reconciliation!L7="✅ Matched","",Reconciliation!F7) -> 1511.3 | F10: =IF(Reconciliation!L7="✅ Matched","",Reconciliation!G7) -> 0 | G10: =IF(Reconciliation!L7="✅ Matched","",Reconciliation!D7) -> 5 | H10: =IF(Reconciliation!L7="✅ Matched","",IF(Reconciliation!J7="No",Reconciliation!I7,""))
A11: =IF(Reconciliation!L8="✅ Matched","",IF(ISNUMBER(SEARCH("Missing",Reconciliation!L8)),"🔴 HIGH",IF(ISNUMBER(SEARCH("Phantom",Reconciliation!L8)),"🔴 HIGH",IF(ISNUMBER(SEARCH("Amount",Reconciliation!L8)),"🟡 MED",IF(ISNUMBER(SEARCH("Reference",Reconciliation!L8)),"🟡 MED",IF(ISNUMBER(SEARCH("Late",Reconciliation!L8)),"🔵 LOW","")))))) | B11: =IF(Reconciliation!L8="✅ Matched","",Reconciliation!A8) | C11: =IF(Reconciliation!L8="✅ Matched","",Reconciliation!L8) | D11: =IF(Reconciliation!L8="✅ Matched","",Reconciliation!E8) | E11: =IF(Reconciliation!L8="✅ Matched","",Reconciliation!F8) | F11: =IF(Reconciliation!L8="✅ Matched","",Reconciliation!G8) | G11: =IF(Reconciliation!L8="✅ Matched","",Reconciliation!D8) | H11: =IF(Reconciliation!L8="✅ Matched","",IF(Reconciliation!J8="No",Reconciliation!I8,""))
A12: =IF(Reconciliation!L9="✅ Matched","",IF(ISNUMBER(SEARCH("Missing",Reconciliation!L9)),"🔴 HIGH",IF(ISNUMBER(SEARCH("Phantom",Reconciliation!L9)),"🔴 HIGH",IF(ISNUMBER(SEARCH("Amount",Reconciliation!L9)),"🟡 MED",IF(ISNUMBER(SEARCH("Reference",Reconciliation!L9)),"🟡 MED",IF(ISNUMBER(SEARCH("Late",Reconciliation!L9)),"🔵 LOW","")))))) -> 🔵 LOW | B12: =IF(Reconciliation!L9="✅ Matched","",Reconciliation!A9) -> SEPA-2025-1007 | C12: =IF(Reconciliation!L9="✅ Matched","",Reconciliation!L9) -> ⏰ Late Settlement | D12: =IF(Reconciliation!L9="✅ Matched","",Reconciliation!E9) -> 178.54 | E12: =IF(Reconciliation!L9="✅ Matched","",Reconciliation!F9) -> 178.54 | F12: =IF(Reconciliation!L9="✅ Matched","",Reconciliation!G9) -> 0 | G12: =IF(Reconciliation!L9="✅ Matched","",Reconciliation!D9) -> 5 | H12: =IF(Reconciliation!L9="✅ Matched","",IF(Reconciliation!J9="No",Reconciliation!I9,""))
A13: =IF(Reconciliation!L10="✅ Matched","",IF(ISNUMBER(SEARCH("Missing",Reconciliation!L10)),"🔴 HIGH",IF(ISNUMBER(SEARCH("Phantom",Reconciliation!L10)),"🔴 HIGH",IF(ISNUMBER(SEARCH("Amount",Reconciliation!L10)),"🟡 MED",IF(ISNUMBER(SEARCH("Reference",Reconciliation!L10)),"🟡 MED",IF(ISNUMBER(SEARCH("Late",Reconciliation!L10)),"🔵 LOW","")))))) -> 🔵 LOW | B13: =IF(Reconciliation!L10="✅ Matched","",Reconciliation!A10) -> SEPA-2025-1008 | C13: =IF(Reconciliation!L10="✅ Matched","",Reconciliation!L10) -> ⏰ Late Settlement | D13: =IF(Reconciliation!L10="✅ Matched","",Reconciliation!E10) -> 953.41 | E13: =IF(Reconciliation!L10="✅ Matched","",Reconciliation!F10) -> 953.41 | F13: =IF(Reconciliation!L10="✅ Matched","",Reconciliation!G10) -> 0 | G13: =IF(Reconciliation!L10="✅ Matched","",Reconciliation!D10) -> 5 | H13: =IF(Reconciliation!L10="✅ Matched","",IF(Reconciliation!J10="No",Reconciliation!I10,""))
A14: =IF(Reconciliation!L11="✅ Matched","",IF(ISNUMBER(SEARCH("Missing",Reconciliation!L11)),"🔴 HIGH",IF(ISNUMBER(SEARCH("Phantom",Reconciliation!L11)),"🔴 HIGH",IF(ISNUMBER(SEARCH("Amount",Reconciliation!L11)),"🟡 MED",IF(ISNUMBER(SEARCH("Reference",Reconciliation!L11)),"🟡 MED",IF(ISNUMBER(SEARCH("Late",Reconciliation!L11)),"🔵 LOW","")))))) | B14: =IF(Reconciliation!L11="✅ Matched","",Reconciliation!A11) | C14: =IF(Reconciliation!L11="✅ Matched","",Reconciliation!L11) | D14: =IF(Reconciliation!L11="✅ Matched","",Reconciliation!E11) | E14: =IF(Reconciliation!L11="✅ Matched","",Reconciliation!F11) | F14: =IF(Reconciliation!L11="✅ Matched","",Reconciliation!G11) | G14: =IF(Reconciliation!L11="✅ Matched","",Reconciliation!D11) | H14: =IF(Reconciliation!L11="✅ Matched","",IF(Reconciliation!J11="No",Reconciliation!I11,""))
A15: =IF(Reconciliation!L12="✅ Matched","",IF(ISNUMBER(SEARCH("Missing",Reconciliation!L12)),"🔴 HIGH",IF(ISNUMBER(SEARCH("Phantom",Reconciliation!L12)),"🔴 HIGH",IF(ISNUMBER(SEARCH("Amount",Reconciliation!L12)),"🟡 MED",IF(ISNUMBER(SEARCH("Reference",Reconciliation!L12)),"🟡 MED",IF(ISNUMBER(SEARCH("Late",Reconciliation!L12)),"🔵 LOW","")))))) -> 🔵 LOW | B15: =IF(Reconciliation!L12="✅ Matched","",Reconciliation!A12) -> SEPA-2025-1010 | C15: =IF(Reconciliation!L12="✅ Matched","",Reconciliation!L12) -> ⏰ Late Settlement | D15: =IF(Reconciliation!L12="✅ Matched","",Reconciliation!E12) -> 1337.68 | E15: =IF(Reconciliation!L12="✅ Matched","",Reconciliation!F12) -> 1337.68 | F15: =IF(Reconciliation!L12="✅ Matched","",Reconciliation!G12) -> 0 | G15: =IF(Reconciliation!L12="✅ Matched","",Reconciliation!D12) -> 5 | H15: =IF(Reconciliation!L12="✅ Matched","",IF(Reconciliation!J12="No",Reconciliation!I12,""))
A16: =IF(Reconciliation!L13="✅ Matched","",IF(ISNUMBER(SEARCH("Missing",Reconciliation!L13)),"🔴 HIGH",IF(ISNUMBER(SEARCH("Phantom",Reconciliation!L13)),"🔴 HIGH",IF(ISNUMBER(SEARCH("Amount",Reconciliation!L13)),"🟡 MED",IF(ISNUMBER(SEARCH("Reference",Reconciliation!L13)),"🟡 MED",IF(ISNUMBER(SEARCH("Late",Reconciliation!L13)),"🔵 LOW","")))))) | B16: =IF(Reconciliation!L13="✅ Matched","",Reconciliation!A13) | C16: =IF(Reconciliation!L13="✅ Matched","",Reconciliation!L13) | D16: =IF(Reconciliation!L13="✅ Matched","",Reconciliation!E13) | E16: =IF(Reconciliation!L13="✅ Matched","",Reconciliation!F13) | F16: =IF(Reconciliation!L13="✅ Matched","",Reconciliation!G13) | G16: =IF(Reconciliation!L13="✅ Matched","",Reconciliation!D13) | H16: =IF(Reconciliation!L13="✅ Matched","",IF(Reconciliation!J13="No",Reconciliation!I13,""))
... A104: =IF(Reconciliation!L101="✅ Matched","",IF(ISNUMBER(SEARCH("Missing",Reconciliation!L101)),"🔴 HIGH",IF(ISNUMBER(SEARCH("Phantom",Reconciliation!L101)),"🔴 HIGH",IF(ISNUMBER(SEARCH("Amount",Reconciliation!L101)),"🟡 MED",IF(ISNUMBER(SEARCH("Reference",Reconciliation!L101)),"🟡 MED",IF(ISNUMBER(SEARCH("Late",Reconciliation!L101)),"🔵 LOW","")))))) | B104: =IF(Reconciliation!L101="✅ Matched","",Reconciliation!A101) | C104: =IF(Reconciliation!L101="✅ Matched","",Reconciliation!L101) | D104: =IF(Reconciliation!L101="✅ Matched","",Reconciliation!E101) | E104: =IF(Reconciliation!L101="✅ Matched","",Reconciliation!F101) | F104: =IF(Reconciliation!L101="✅ Matched","",Reconciliation!G101) | G104: =IF(Reconciliation!L101="✅ Matched","",Reconciliation!D101) | H104: =IF(Reconciliation!L101="✅ Matched","",IF(Reconciliation!J101="No",Reconciliation!I101,""))
A105: 🔴 HIGH | B105: =Reconciliation!A102 -> SEPA-2025-9000 | C105: =Reconciliation!L102 -> 🚨 Phantom (in bank, not internal) | D105: N/A | E105: =Reconciliation!F102 -> 280.15 | F105: N/A | G105: N/A | H105: =Reconciliation!I102 -> UNRECOGNIZED VENDOR
A106: 🔴 HIGH | B106: =Reconciliation!A103 -> SEPA-2025-9001 | C106: =Reconciliation!L103 -> 🚨 Phantom (in bank, not internal) | D106: N/A | E106: =Reconciliation!F103 -> 115.36 | F106: N/A | G106: N/A | H106: =Reconciliation!I103 -> UNRECOGNIZED VENDOR
A107: 🔴 HIGH | B107: =Reconciliation!A104 -> SEPA-2025-9002 | C107: =Reconciliation!L104 -> 🚨 Phantom (in bank, not internal) | D107: N/A | E107: =Reconciliation!F104 -> 445.16 | F107: N/A | G107: N/A | H107: =Reconciliation!I104 -> UNRECOGNIZED VENDOR
